id,asset_path,asset_type,category,original_filename,source,author,license,license_status,sha256,width_px,height_px,used_in_app,status,notes
cairn-ui-overview,assets/source/ui/moodboards/cairn-ui-overview.png,reference,moodboard,file_00000000e210820e9f14037e2bcf8e01.png,provided-by-project,"vanish994, com assistência de agente de IA",project-owned-all-rights-reserved,confirmed,d7ea9ab52cfb540fe04838f526c598293f9a534f314c994a552b7477b712bbb2,1221,1288,false,reference-only,"Material de autoria do projeto, criado com assistência de IA; montagem de referência com telas, personagens, ambientes, itens e componentes de interface; não incluir no APK."
cairn-pixel-art-assets-overview,assets/source/ui/moodboards/cairn-pixel-art-assets-overview.png,reference,moodboard,file_00000000eb18820e885bb7342000a93a.png,provided-by-project,"vanish994, com assistência de agente de IA",project-owned-all-rights-reserved,confirmed,149999d589496939659efed34dfbc0503cba944e7d77fcb0b8c299ef3e13e5a9,1536,1024,false,reference-only,"Material de autoria do projeto, criado com assistência de IA; montagem de referência de assets pixel art e telas da alfa; não incluir no APK."
cairn-companion-01,assets/source/characters/generated/companions/companion-01.png,sprite,character/companion,companion-01.png,generated-by-manus-gpt-image-2.5,"vanish994, com assistência de agente de IA",project-owned-all-rights-reserved,confirmed,5206c04b88b3b432e64c1aa75f0e45a32798a606ee8647de16571ed8e93aef31,1536,2304,true,approved-for-integration,"PNG individual RGBA, geração aprovada visualmente; empacotado no APK em drawable-nodpi; modo=RGBA; sem texto, moldura ou vizinhos."
cairn-companion-02,assets/source/characters/generated/companions/companion-02.png,sprite,character/companion,companion-02.png,generated-by-manus-gpt-image-2.5,"vanish994, com assistência de agente de IA",project-owned-all-rights-reserved,confirmed,cc75b09cb431c4f2ddda7e6c6345339bfd77141d44e1fabf46b6a7e8653eb926,1536,2304,true,approved-for-integration,"PNG individual RGBA, geração aprovada visualmente; empacotado no APK em drawable-nodpi; modo=RGBA; sem texto, moldura ou vizinhos."
cairn-companion-03,assets/source/characters/generated/companions/companion-03.png,sprite,character/companion,companion-03.png,generated-by-manus-gpt-image-2.5,"vanish994, com assistência de agente de IA",project-owned-all-rights-reserved,confirmed,1a5921791ff3d5e9c4a615c67690503d7e6100c00e1ea4423de92445d1a70b83,1536,2304,true,approved-for-integration,"PNG individual RGBA, geração aprovada visualmente; empacotado no APK em drawable-nodpi; modo=RGBA; sem texto, moldura ou vizinhos."
cairn-companion-04,assets/source/characters/generated/companions/companion-04.png,sprite,character/companion,companion-04.png,generated-by-manus-gpt-image-2.5,"vanish994, com assistência de agente de IA",project-owned-all-rights-reserved,confirmed,4d00f821e2ede50a44969a0e8346deec211b79321b11bd5b88bcd9866b100050,1536,2304,true,approved-for-integration,"PNG individual RGBA, geração aprovada visualmente; empacotado no APK em drawable-nodpi; modo=RGBA; sem texto, moldura ou vizinhos."
cairn-companion-05,assets/source/characters/generated/companions/companion-05.png,sprite,character/companion,companion-05.png,generated-by-manus-gpt-image-2.5,"vanish994, com assistência de agente de IA",project-owned-all-rights-reserved,confirmed,2a8ecb14df7064f00938ed90556d23e2824d0ec84b088ca8407a1144a5ef2ec0,1536,2304,true,approved-for-integration,"PNG individual RGBA, geração aprovada visualmente; empacotado no APK em drawable-nodpi; modo=RGBA; sem texto, moldura ou vizinhos."
cairn-equipment-variant-01,assets/source/characters/generated/equipment-variants/equipment-variant-01.png,sprite,character/equipment-variant,equipment-variant-01.png,generated-by-manus-gpt-image-2.5,"vanish994, com assistência de agente de IA",project-owned-all-rights-reserved,confirmed,a3cd1a271ea1eb98fc4bd842c206676af1d962d8654424fd2e65e8c03a7ed5cb,1536,2304,true,approved-for-integration,"PNG individual RGBA, geração aprovada visualmente; empacotado no APK em drawable-nodpi; modo=RGBA; sem texto, moldura ou vizinhos."
cairn-equipment-variant-02,assets/source/characters/generated/equipment-variants/equipment-variant-02.png,sprite,character/equipment-variant,equipment-variant-02.png,generated-by-manus-gpt-image-2.5,"vanish994, com assistência de agente de IA",project-owned-all-rights-reserved,confirmed,08c220196e12c1e5838fa82d498ea6b2b7896aefa7077a64b0017b6b00f29a0c,1536,2304,true,approved-for-integration,"PNG individual RGBA, geração aprovada visualmente; empacotado no APK em drawable-nodpi; modo=RGBA; sem texto, moldura ou vizinhos."
cairn-equipment-variant-03,assets/source/characters/generated/equipment-variants/equipment-variant-03.png,sprite,character/equipment-variant,equipment-variant-03.png,generated-by-manus-gpt-image-2.5,"vanish994, com assistência de agente de IA",project-owned-all-rights-reserved,confirmed,6d2924708186db0a69e268db5986097aed9e49c6dc7d313251c106827027192f,1536,2304,true,approved-for-integration,"PNG individual RGBA, geração aprovada visualmente; empacotado no APK em drawable-nodpi; modo=RGBA; sem texto, moldura ou vizinhos."
cairn-equipment-variant-04,assets/source/characters/generated/equipment-variants/equipment-variant-04.png,sprite,character/equipment-variant,equipment-variant-04.png,generated-by-manus-gpt-image-2.5,"vanish994, com assistência de agente de IA",project-owned-all-rights-reserved,confirmed,6d229c16064fd012f9c6f5234856f7a58bc8d053fb2625955996532f57cf2b95,1536,2304,true,approved-for-integration,"PNG individual RGBA, geração aprovada visualmente; empacotado no APK em drawable-nodpi; modo=RGBA; sem texto, moldura ou vizinhos."
cairn-equipment-variant-05,assets/source/characters/generated/equipment-variants/equipment-variant-05.png,sprite,character/equipment-variant,equipment-variant-05.png,generated-by-manus-gpt-image-2.5,"vanish994, com assistência de agente de IA",project-owned-all-rights-reserved,confirmed,fec7a77df0b3da1c0f19434365de2826313876220e41ef703dd74f43654e5572,1536,2304,true,approved-for-integration,"PNG individual RGBA, geração aprovada visualmente; empacotado no APK em drawable-nodpi; modo=RGBA; sem texto, moldura ou vizinhos."
cairn-equipment-variant-06,assets/source/characters/generated/equipment-variants/equipment-variant-06.png,sprite,character/equipment-variant,equipment-variant-06.png,generated-by-manus-gpt-image-2.5,"vanish994, com assistência de agente de IA",project-owned-all-rights-reserved,confirmed,b6e3f538baa9f78362a0bdfdc1689d40a69b521284a53311e57e950ae1dcdfcf,1536,2304,true,approved-for-integration,"PNG individual RGBA, geração aprovada visualmente; empacotado no APK em drawable-nodpi; modo=RGBA; sem texto, moldura ou vizinhos."
cairn-equipment-variant-07,assets/source/characters/generated/equipment-variants/equipment-variant-07.png,sprite,character/equipment-variant,equipment-variant-07.png,generated-by-manus-gpt-image-2.5,"vanish994, com assistência de agente de IA",project-owned-all-rights-reserved,confirmed,3f77a1c340133930f0652c6c896d166919ca737ab13833e58e1c894ab9cf3372,1536,2304,true,approved-for-integration,"PNG individual RGBA, geração aprovada visualmente; empacotado no APK em drawable-nodpi; modo=RGBA; sem texto, moldura ou vizinhos."
cairn-equipment-variant-08,assets/source/characters/generated/equipment-variants/equipment-variant-08.png,sprite,character/equipment-variant,equipment-variant-08.png,generated-by-manus-gpt-image-2.5,"vanish994, com assistência de agente de IA",project-owned-all-rights-reserved,confirmed,23461e276802309e1ddbdf39f9112cc784044ccfcfb9fdad39c051c25241d9dc,1536,2304,true,approved-for-integration,"PNG individual RGBA, geração aprovada visualmente; empacotado no APK em drawable-nodpi; modo=RGBA; sem texto, moldura ou vizinhos."
cairn-npc-01,assets/source/characters/generated/npcs/npc-01.png,sprite,character/npc,npc-01.png,generated-by-manus-gpt-image-2.5,"vanish994, com assistência de agente de IA",project-owned-all-rights-reserved,confirmed,fec23a4cb3be7386e1581a229079a91ab56982074cf874f5ed70f382c6c48f80,1536,2304,true,approved-for-integration,"PNG individual RGBA, geração aprovada visualmente; empacotado no APK em drawable-nodpi; modo=RGBA; sem texto, moldura ou vizinhos."
cairn-npc-02,assets/source/characters/generated/npcs/npc-02.png,sprite,character/npc,npc-02.png,generated-by-manus-gpt-image-2.5,"vanish994, com assistência de agente de IA",project-owned-all-rights-reserved,confirmed,080c7124457cd0a95a43035b79379befc8e26f9d60f4cba0cd74a143c0dc634c,1536,2304,true,approved-for-integration,"PNG individual RGBA, geração aprovada visualmente; empacotado no APK em drawable-nodpi; modo=RGBA; sem texto, moldura ou vizinhos."
cairn-npc-03,assets/source/characters/generated/npcs/npc-03.png,sprite,character/npc,npc-03.png,generated-by-manus-gpt-image-2.5,"vanish994, com assistência de agente de IA",project-owned-all-rights-reserved,confirmed,af648dc5c7e2748446a39918905a24a316b3005a9848209cba9ff6050ee61619,1536,2304,true,approved-for-integration,"PNG individual RGBA, geração aprovada visualmente; empacotado no APK em drawable-nodpi; modo=RGBA; sem texto, moldura ou vizinhos."
cairn-npc-04,assets/source/characters/generated/npcs/npc-04.png,sprite,character/npc,npc-04.png,generated-by-manus-gpt-image-2.5,"vanish994, com assistência de agente de IA",project-owned-all-rights-reserved,confirmed,73b0eb78a84f290fc2371930e646faec9d9738f40b47a59e9adcff9aff91ae61,1536,2304,true,approved-for-integration,"PNG individual RGBA, geração aprovada visualmente; empacotado no APK em drawable-nodpi; modo=RGBA; sem texto, moldura ou vizinhos."
cairn-npc-05,assets/source/characters/generated/npcs/npc-05.png,sprite,character/npc,npc-05.png,generated-by-manus-gpt-image-2.5,"vanish994, com assistência de agente de IA",project-owned-all-rights-reserved,confirmed,a23984365dc18f4c8180dd440c749dd58e40fb7cddadb46fce17829d967238aa,1536,2304,true,approved-for-integration,"PNG individual RGBA, geração aprovada visualmente; empacotado no APK em drawable-nodpi; modo=RGBA; sem texto, moldura ou vizinhos."
cairn-npc-06,assets/source/characters/generated/npcs/npc-06.png,sprite,character/npc,npc-06.png,generated-by-manus-gpt-image-2.5,"vanish994, com assistência de agente de IA",project-owned-all-rights-reserved,confirmed,dd5f28a3151d2c869880116c5d1a689f7245a3499f2277a73455c84de41bbbcb,1536,2304,true,approved-for-integration,"PNG individual RGBA, geração aprovada visualmente; empacotado no APK em drawable-nodpi; modo=RGBA; sem texto, moldura ou vizinhos."
cairn-npc-07,assets/source/characters/generated/npcs/npc-07.png,sprite,character/npc,npc-07.png,generated-by-manus-gpt-image-2.5,"vanish994, com assistência de agente de IA",project-owned-all-rights-reserved,confirmed,e90b5734bedd99b458b064ac8a1b66f9e05ad024113e6760706f46af27892e88,1536,2304,true,approved-for-integration,"PNG individual RGBA, geração aprovada visualmente; empacotado no APK em drawable-nodpi; modo=RGBA; sem texto, moldura ou vizinhos."
cairn-protagonist-01,assets/source/characters/generated/protagonists/protagonist-01.png,sprite,character/protagonist,protagonist-01.png,generated-by-manus-gpt-image-2.5,"vanish994, com assistência de agente de IA",project-owned-all-rights-reserved,confirmed,45fd7351054c035976d3b493ae6871f424030c859f92eb956415acfb4050dd71,1536,2304,true,approved-for-integration,"PNG individual RGBA, geração aprovada visualmente; empacotado no APK em drawable-nodpi; modo=RGBA; sem texto, moldura ou vizinhos."
cairn-protagonist-02,assets/source/characters/generated/protagonists/protagonist-02.png,sprite,character/protagonist,protagonist-02.png,generated-by-manus-gpt-image-2.5,"vanish994, com assistência de agente de IA",project-owned-all-rights-reserved,confirmed,2447225a0afec1a925dfad253eb574cadb3020c126d57baa6b437c8dde7bdb2e,1536,2304,true,approved-for-integration,"PNG individual RGBA, geração aprovada visualmente; empacotado no APK em drawable-nodpi; modo=RGBA; sem texto, moldura ou vizinhos."
cairn-protagonist-03,assets/source/characters/generated/protagonists/protagonist-03.png,sprite,character/protagonist,protagonist-03.png,generated-by-manus-gpt-image-2.5,"vanish994, com assistência de agente de IA",project-owned-all-rights-reserved,confirmed,72a5550ddbcbe1f47f0687e30d44b856b6c054e4634d3b3059dcb0d55cfcc9a9,1536,2304,true,approved-for-integration,"PNG individual RGBA, geração aprovada visualmente; empacotado no APK em drawable-nodpi; modo=RGBA; sem texto, moldura ou vizinhos."
cairn-protagonist-04,assets/source/characters/generated/protagonists/protagonist-04.png,sprite,character/protagonist,protagonist-04.png,generated-by-manus-gpt-image-2.5,"vanish994, com assistência de agente de IA",project-owned-all-rights-reserved,confirmed,4cef7bbbf17d584d2fa4ec17c06ca4da0a5aeada36546fdda9ad7b9b91f871b3,1536,2304,true,approved-for-integration,"PNG individual RGBA, geração aprovada visualmente; empacotado no APK em drawable-nodpi; modo=RGBA; sem texto, moldura ou vizinhos."
cairn-protagonist-05,assets/source/characters/generated/protagonists/protagonist-05.png,sprite,character/protagonist,protagonist-05.png,generated-by-manus-gpt-image-2.5,"vanish994, com assistência de agente de IA",project-owned-all-rights-reserved,confirmed,9618c1c1804837610cf902e01b9f0d258232a45cf660817d019b4a8049a0ebb2,1536,2304,true,approved-for-integration,"PNG individual RGBA, geração aprovada visualmente; empacotado no APK em drawable-nodpi; modo=RGBA; sem texto, moldura ou vizinhos."
